Title,Company,Link
Senior Software Engineer,Wavelo,https://remoteok.com/remote-jobs/110262-remote-senior-software-engineer-wavelo
Senior Software Engineer,Wavelo,https://remoteok.com/remote-jobs/110242-remote-senior-software-engineer-wavelo
Software Engineer,RightNow Group,https://remoteok.com/remote-jobs/110197-remote-software-engineer-rightnow-group
Senior Backend Engineer,Basepaws,https://remoteok.com/remote-jobs/110190-remote-senior-backend-engineer-basepaws
Full Stack Engineer,Seam,https://remoteok.com/remote-jobs/110075-remote-full-stack-engineer-seam
Full Stack Developer,DCMN,https://remoteok.com/remote-jobs/109972-remote-full-stack-developer-dcmn
Senior Software Engineer,Iterative,https://remoteok.com/remote-jobs/99244-remote-senior-software-engineer-iterative
Web Developer Python and Django,Direct Online Services,https://remoteok.com/remote-jobs/109777-remote-web-developer-python-and-django-direct-online-services
Python Developer,Ampcontrol.io,https://remoteok.com/remote-jobs/109109-remote-python-developer-ampcontrol-io
Senior Developer Back and Front End,Steadily,https://remoteok.com/remote-jobs/109065-remote-senior-developer-back-and-frontend-steadily
Senior Software Engineer Smart Home Integration,OhmConnect,https://remoteok.com/remote-jobs/108503-remote-senior-software-engineer-smart-home-integration-ohmconnect
Senior Software Engineer,OhmConnect,https://remoteok.com/remote-jobs/108501-remote-senior-software-engineer-ohmconnect
Senior Python Developer,Laskie,https://remoteok.com/remote-jobs/108485-remote-senior-python-developer-laskie
Senior Software Engineer,Darwin Homes,https://remoteok.com/remote-jobs/108484-remote-senior-software-engineer-darwin-homes
Senior Software Engineer,Civiqs,https://remoteok.com/remote-jobs/108410-remote-senior-software-engineer-civiqs
Software Development Engineer,Civiqs,https://remoteok.com/remote-jobs/108409-remote-software-development-engineer-civiqs
Software Developer,ETFLogic,https://remoteok.com/remote-jobs/108329-remote-software-developer-etflogic
Senior Software Engineer,Simple Poll,https://remoteok.com/remote-jobs/108027-remote-senior-software-engineer-simple-poll
Senior Software Engineer,Darwin Homes,https://remoteok.com/remote-jobs/107943-remote-senior-software-engineer-darwin-homes
Senior Software Engineer API,Athenian,https://remoteok.com/remote-jobs/107864-remote-senior-software-engineer-api-athenian
Python Developer,Laskie,https://remoteok.com/remote-jobs/107845-remote-python-developer-laskie
Backend Developer,Aider,https://remoteok.com/remote-jobs/107792-remote-backend-developer-aider
Senior Backend Developer,Solar Monkey,https://remoteok.com/remote-jobs/107644-remote-senior-backend-developer-solar-monkey
Senior Python Developer,Toptal,https://remoteok.com/remote-jobs/107564-remote-senior-python-developer-toptal
Python Developer,Ampcontrol.io,https://remoteok.com/remote-jobs/107426-remote-python-developer-ampcontrol-io
Senior Python Developer,Laskie,https://remoteok.com/remote-jobs/107367-remote-senior-python-developer-laskie
Full Stack Developer,Brenger,https://remoteok.com/remote-jobs/107362-remote-full-stack-developer-brenger
Senior Full Stack Developer,ReadyTal,https://remoteok.com/remote-jobs/107209-remote-senior-full-stack-developer-readytal
Full Stack Software Engineer,Prominent Edge,https://remoteok.com/remote-jobs/107096-remote-full-stack-software-engineer-prominent-edge
Sr Software Engineer Data Platform,Doximity,https://remoteok.com/remote-jobs/107061-remote-sr-software-engineer-data-platform-doximity
Sr Software Engineer Data Infrastructure,Doximity,https://remoteok.com/remote-jobs/107056-remote-sr-software-engineer-data-infrastructure-doximity
Full Stack Developer,AML Software,https://remoteok.com/remote-jobs/107002-remote-full-stack-developer-aml-software
Full Stack Developer,Raketech Group,https://remoteok.com/remote-jobs/106973-remote-full-stack-developer-raketech-group
Software Engineer Backend,bit.io,https://remoteok.com/remote-jobs/106961-remote-software-engineer-backend-bit-io
Senior Backend Python Developer,Laskie,https://remoteok.com/remote-jobs/106934-remote-senior-backend-python-developer-laskie
Senior Python Developer,Theme Analytics,https://remoteok.com/remote-jobs/106691-remote-senior-python-developer-theme-analytics
Full Stack Software Developer,Art+Logic,https://remoteok.com/remote-jobs/106607-remote-full-stack-software-developer-art-logic
Senior Software Engineer,Tucows,https://remoteok.com/remote-jobs/106398-remote-senior-software-engineer-tucows
Perl Software Developer,Tucows,https://remoteok.com/remote-jobs/106397-remote-perl-software-developer-tucows
Software Engineer,Capchase,https://remoteok.com/remote-jobs/106179-remote-software-engineer-capchase
Python Developer,2amigos Consulting Group,https://remoteok.com/remote-jobs/106172-remote-python-developer-2amigos-consulting-group
Python Team Lead Software Engineer,Tucows,https://remoteok.com/remote-jobs/106133-remote-python-team-lead-software-engineer-tucows
Senior Fullstack Developer,SellerLot,https://remoteok.com/remote-jobs/106029-remote-senior-fullstack-developer-sellerlot
Senior Software Engineer,Tucows,https://remoteok.com/remote-jobs/105913-remote-senior-software-engineer-tucows
Perl Software Developer,Tucows,https://remoteok.com/remote-jobs/105824-remote-perl-software-developer-tucows
Senior Software Engineer,Tucows,https://remoteok.com/remote-jobs/105823-remote-senior-software-engineer-tucows
Software Engineer,Tucows,https://remoteok.com/remote-jobs/105822-remote-software-engineer-tucows
Senior Backend Python Developer,Laskie,https://remoteok.com/remote-jobs/105780-remote-senior-backend-python-developer-laskie
Software Engineer,Cash Flow Portal,https://remoteok.com/remote-jobs/105770-remote-software-engineer-cash-flow-portal
Senior Software Engineer,UpLift,https://remoteok.com/remote-jobs/105729-remote-senior-software-engineer-uplift
Software Engineer,Hades,https://remoteok.com/remote-jobs/105618-remote-software-engineer-hades
Software Engineer,Reincubate,https://remoteok.com/remote-jobs/105609-remote-software-engineer-reincubate
Senior Full Stack Software Engineer,Tucows,https://remoteok.com/remote-jobs/105592-remote-senior-full-stack-software-engineer-tucows
Lead Developer Support,Tucows,https://remoteok.com/remote-jobs/105502-remote-lead-developer-support-tucows
Software Engineer Team Lead,Tucows,https://remoteok.com/remote-jobs/105499-remote-software-engineer-team-lead-tucows
Software Engineer Backend,Settle,https://remoteok.com/remote-jobs/105448-remote-software-engineer-backend-settle
Senior Full Stack Developer Django VUE. JS 100,Accruvia,https://remoteok.com/remote-jobs/105416-remote-senior-full-stack-developer-django-vue-js-100-accruvia
Senior Back End Software Engineer,Tucows,https://remoteok.com/remote-jobs/105310-remote-senior-back-end-software-engineer-tucows
Software Engineer,Argyle,https://remoteok.com/remote-jobs/105285-remote-software-engineer-argyle
Backend Software Engineer,Argyle [PyJobs],https://remoteok.com/remote-jobs/105124-remote-backend-software-engineer-argyle-pyjobs
Senior Backend Python Developer,FeedStock,https://remoteok.com/remote-jobs/105112-remote-senior-backend-python-developer-feedstock
Senior Backend Software Engineer Python,crate.io,https://remoteok.com/remote-jobs/105108-remote-senior-backend-software-engineer-python-crate-io
Lead Backend Developer,Remotesome,https://remoteok.com/remote-jobs/104744-remote-lead-backend-developer-remotesome
React. JS Developer,Appsilon,https://remoteok.com/remote-jobs/104503-remote-react-js-developer-appsilon
Full Stack Developer,AMNESIA media,https://remoteok.com/remote-jobs/104488-remote-full-stack-developer-amnesia-media
Full Stack Software Engineer,GooseChase,https://remoteok.com/remote-jobs/104445-remote-full-stack-software-engineer-goosechase
Software Engineer Backend Python (Amer,Close,https://remoteok.com/remote-jobs/104218-remote-software-engineer-backend-python-amer-close
Senior Software Development Manager,Shopify,https://remoteok.com/remote-jobs/104044-remote-senior-software-development-manager-shopify
Software Engineer,Argyle,https://remoteok.com/remote-jobs/104012-remote-software-engineer-argyle
DevOps Software Engineer,The Linux Foundation,https://remoteok.com/remote-jobs/103999-remote-devops-software-engineer-the-linux-foundation
Senior Software Engineer,Sugar,https://remoteok.com/remote-jobs/103910-remote-senior-software-engineer-sugar
Software Engineer Data Infra,Doximity,https://remoteok.com/remote-jobs/103575-remote-software-engineer-data-infra-doximity
Backend Web Developer,Kettle,https://remoteok.com/remote-jobs/103568-remote-backend-web-developer-kettle
Software Engineer,Argyle,https://remoteok.com/remote-jobs/103424-remote-software-engineer-argyle
Senior Software Engineer,Administrate,https://remoteok.com/remote-jobs/103216-remote-senior-software-engineer-administrate
Senior Open Source Developer DevOps,OpenCraft,https://remoteok.com/remote-jobs/103181-remote-senior-open-source-developer-devops-opencraft
Lead Salesforce Developer,Georgia Institute of Technology,https://remoteok.com/remote-jobs/103115-remote-lead-salesforce-developer-georgia-institute-of-technology
Senior Fullstack Python Developer,Backtracks.fm,https://remoteok.com/remote-jobs/102525-remote-senior-fullstack-python-developer-backtracks-fm
Senior C++ Developer,Flightradar24,https://remoteok.com/remote-jobs/102386-remote-senior-c-plus-plus-developer-flightradar24
Software Engineer,Argyle,https://remoteok.com/remote-jobs/102320-remote-software-engineer-argyle
Sr Software Engineer Data Infra,Doximity,https://remoteok.com/remote-jobs/102138-remote-sr-software-engineer-data-infra-doximity
Backend Software Engineer,Nav Inc,https://remoteok.com/remote-jobs/102132-remote-backend-software-engineer-nav-inc
Senior Software Engineer,Splitgraph,https://remoteok.com/remote-jobs/102104-remote-senior-software-engineer-splitgraph
Software Engineer Full Stack,Mainvest,https://remoteok.com/remote-jobs/102003-remote-software-engineer-full-stack-mainvest
Manager Toolchain Software Engineering,DataKitchen,https://remoteok.com/remote-jobs/101765-remote-manager-toolchain-software-engineering-datakitchen
Senior Backend Software Engineers,Argyle,https://remoteok.com/remote-jobs/101553-remote-senior-backend-software-engineers-argyle
Senior Software Engineer,Muck Rack,https://remoteok.com/remote-jobs/101485-remote-senior-software-engineer-muck-rack
Senior Software Engineer,Muck Rack,https://remoteok.com/remote-jobs/101377-remote-senior-software-engineer-muck-rack
Senior Software Engineer,Administrate,https://remoteok.com/remote-jobs/101155-remote-senior-software-engineer-administrate
Software Engineer,Argyle,https://remoteok.com/remote-jobs/100929-remote-software-engineer-argyle
DevOps Software Engineer,The Linux Foundation,https://remoteok.com/remote-jobs/100705-remote-devops-software-engineer-the-linux-foundation
Full Stack Developer,HelloMaaS,https://remoteok.com/remote-jobs/100554-remote-full-stack-developer-hellomaas
Web Developer,LearnCube,https://remoteok.com/remote-jobs/100457-remote-web-developer-learncube
Senior Software Engineer,NannyML,https://remoteok.com/remote-jobs/100441-remote-senior-software-engineer-nannyml
Full Stack Developer,Earning Together,https://remoteok.com/remote-jobs/100005-remote-full-stack-developer-earning-together
Senior Developer,Toptal,https://remoteok.com/remote-jobs/99898-remote-senior-developer-toptal
Senior Backend Developer,Clarity Movement Co.,https://remoteok.com/remote-jobs/99896-remote-senior-backend-developer-clarity-movement-co
Backend Developer Data Scientist,komoot,https://remoteok.com/remote-jobs/99798-remote-backend-developer-data-scientist-komoot
Senior Front End Developer,PolySwarm,https://remoteok.com/remote-jobs/99794-remote-senior-front-end-developer-polyswarm
Senior Software Engineer,JetBridge,https://remoteok.com/remote-jobs/99792-remote-senior-software-engineer-jetbridge
Sr Software Engineer React React Native,Very LLC,https://remoteok.com/remote-jobs/99730-remote-sr-software-engineer-react-react-native-very-llc
Back End Developer,InReach Ventures,https://remoteok.com/remote-jobs/99530-remote-back-end-developer-inreach-ventures
Senior Software Engineer,Muck Rack,https://remoteok.com/remote-jobs/99378-remote-senior-software-engineer-muck-rack
Senior Software Engineer,Netdata Inc,https://remoteok.com/remote-jobs/99258-remote-senior-software-engineer-netdata-inc
Full Stack Developer,Coconut,https://remoteok.com/remote-jobs/99168-remote-full-stack-developer-coconut
Freelance Backend Developer,Toptal,https://remoteok.com/remote-jobs/99118-remote-freelance-backend-developer-remote-toptal
Lead Full Stack Software Engineer,Prominent Edge,https://remoteok.com/remote-jobs/97397-remote-lead-full-stack-software-engineer-prominent-edge
Full Stack Python JavaScript Developer,Fjelltopp,https://remoteok.com/remote-jobs/97053-remote-full-stack-python-js-developer-fjelltopp
Software Engineer Security,Doximity,https://remoteok.com/remote-jobs/86398-remote-software-engineer-security-doximity
Django Developer,Mainvest,https://remoteok.com/remote-jobs/86390-remote-django-developer-mainvest
Software Engineer,"PrintWithMe, Inc.",https://remoteok.com/remote-jobs/86265-remote-software-engineer-printwithme-inc
Python Developer,Backtracks.fm,https://remoteok.com/remote-jobs/86257-remote-python-developer-backtracks-fm
Freelance Python Developer,Toptal,https://remoteok.com/remote-jobs/85053-remote-freelance-python-developer-remote-toptal
DevOps Python Django SaaS Developer,WP Media,https://remoteok.com/remote-jobs/84795-remote-devops-python-django-saas-developer-wp-media
Senior Python Developer,Remotesome,https://remoteok.com/remote-jobs/84524-remote-senior-python-developer-remotesome
Lead Backend Developer,Kokoon Technology Ltd,https://remoteok.com/remote-jobs/84313-remote-lead-backend-developer-remote-kokoon-technology-ltd
Backend Developer,Jetcake,https://remoteok.com/remote-jobs/83559-remote-backend-developer-jetcake
ELK Stack Developer,Atlastix,https://remoteok.com/remote-jobs/77164-remote-elk-stack-developer-atlastix
Full Stack Django Developer,Wildfish,https://remoteok.com/remote-jobs/77074-remote-full-stack-django-developer-wildfish
Full Stack Developer,REPAY,https://remoteok.com/remote-jobs/77035-remote-full-stack-developer-python-repay
Software Engineer Full Stack,Doximity,https://remoteok.com/remote-jobs/76493-remote-software-engineer-full-stack-doximity
Senior Software Engineer,Iterative,https://remoteok.com/remote-jobs/76126-remote-senior-software-engineer-iterative
Developer Senior Developer,MVPF,https://remoteok.com/remote-jobs/75960-remote-developer-or-senior-developer-mvpf
Full Stack Web Developer,GooseChase,https://remoteok.com/remote-jobs/75932-remote-full-stack-web-developer-goosechase
Senior Full Stack Developer,Pupil Labs,https://remoteok.com/remote-jobs/75838-remote-senior-full-stack-developer-pupil-labs
Senior Full Stack Developer,PolySwarm,https://remoteok.com/remote-jobs/75742-remote-senior-full-stack-developer-polyswarm
Full Stack Developer Fully Startup,Specula.io,https://remoteok.com/remote-jobs/75688-remote-sr-full-stack-developer-node-vue-typescript-python-sql-elastic-fully-remote-startup-specula-io
Senior Front End Developer,PolySwarm,https://remoteok.com/remote-jobs/75673-remote-senior-front-end-developer-polyswarm
Senior Software Engineer,Snowdrop,https://remoteok.com/remote-jobs/75658-remote-senior-software-engineer-snowdrop
Full Stack Developer,SilviaTerra,https://remoteok.com/remote-jobs/75473-remote-full-stack-developer-silviaterra
Software Engineer Data,Doximity,https://remoteok.com/remote-jobs/74936-remote-software-engineer-data-product-integration-doximity
Full Stack Software Engineer,Fraym,https://remoteok.com/remote-jobs/74444-remote-full-stack-software-engineer-fraym
Senior Backend Developer,WeTravel,https://remoteok.com/remote-jobs/74163-remote-senior-backend-developer-wetravel
Software Engineer,AlphaSights,https://remoteok.com/remote-jobs/73979-remote-software-engineer-alphasights
Sr Full Stack Developer Django,Circuit Stream,https://remoteok.com/remote-jobs/73837-remote-sr-full-stack-developer-django-circuit-stream
Python Back End Web Developer,Soshace,https://remoteok.com/remote-jobs/73701-remote-remote-python-back-end-web-developer-soshace
Full Stack Software Engineer,SlashData,https://remoteok.com/remote-jobs/73663-remote-full-stack-software-engineer-js-slashdata
Software Engineer Data,Doximity,https://remoteok.com/remote-jobs/73235-remote-software-engineer-data-doximity
Senior Software Engineer Backend,Close,https://remoteok.com/remote-jobs/72794-remote-senior-software-engineer-backend-100-remote-close
Senior Python Developer,causaLens,https://remoteok.com/remote-jobs/72638-remote-senior-python-developer-causalens
Full Stack Developer,PolySwarm,https://remoteok.com/remote-jobs/72406-remote-full-stack-developer-polyswarm
Senior Full Stack Developer,Pupil Labs,https://remoteok.com/remote-jobs/72045-remote-senior-full-stack-developer-pupil-labs
Software Engineer Service Reliability,Doximity,https://remoteok.com/remote-jobs/71432-remote-software-engineer-service-reliability-doximity
Software Engineer Ruby & JavaScript,Doximity,https://remoteok.com/remote-jobs/71367-remote-software-engineer-ruby-javascript-doximity
Software Engineer Data,Doximity,https://remoteok.com/remote-jobs/71325-remote-software-engineer-data-product-integration-doximity
Senior Full Stack Developer with React Experience,Codelitt,https://remoteok.com/remote-jobs/71132-remote-senior-full-stack-developer-with-react-experience-codelitt
Lead Software Engineer,Hubbub,https://remoteok.com/remote-jobs/71202-remote-lead-software-engineer-hubbub
Python Developer,MADE.com,https://remoteok.com/remote-jobs/70764-remote-python-developer-made-com
Web Developer,Tao Leadership,https://remoteok.com/remote-jobs/70590-remote-web-developer-tao-leadership
Backend Web Developer,Circuit Stream,https://remoteok.com/remote-jobs/70003-remote-backend-web-developer-circuit-stream
Full Stack Developer with React Experience,Codelitt,https://remoteok.com/remote-jobs/69888-remote-full-stack-developer-with-react-experience-codelitt
Senior Software Engineer Python,Doximity,https://remoteok.com/remote-jobs/69245-remote-senior-software-engineer-python-doximity
Python Back End Web Developer,Soshace,https://remoteok.com/remote-jobs/69076-remote-python-back-end-web-developer-soshace
Full Stack Developer,Upstack Technologies Inc.,https://remoteok.com/remote-jobs/69034-remote-full-stack-developer-upstack-technologies-inc-
Open Source Developer & DevOps,OpenCraft,https://remoteok.com/remote-jobs/69030-remote-open-source-developer-devops-opencraft
Senior Software Engineer Security Video Integration,GeoComm,https://remoteok.com/remote-jobs/68982-remote-senior-software-engineer-security-video-integration-geocomm
Front End and Python Developer,Screenly,https://remoteok.com/remote-jobs/68892-remote-frontend-and-python-developer-screenly
Senior Software Engineer,Property Meld,https://remoteok.com/remote-jobs/68749-remote-senior-software-engineer-property-meld
Full Stack Software Engineer,Merchbar,https://remoteok.com/remote-jobs/68296-remote-full-stack-software-engineer-merchbar
Full Stack Developer Tech Lead,Comparamais,https://remoteok.com/remote-jobs/68195-remote-full-stack-developer-tech-lead-comparamais
Python Senior Developer,YMN GROUP,https://remoteok.com/remote-jobs/68169-remote-python-senior-developer-remote-ymn-group
Experienced 3D Software Engineers for Awesome Cutting Edge Projects,4D Pipeline,https://remoteok.com/remote-jobs/67948-remote-experienced-3d-software-engineers-for-awesome-cutting-edge-projects-augmented-reality-virtual-reality-raytracing-webgl-ue4-and-more-4d-pipeline
Python Backend Developer Wroc≈Çaw PL,Kangaroo,https://remoteok.com/remote-jobs/67857-remote-python-backend-developer-in-wroclaw-pl-kangaroo
Backend Developer,Property Meld,https://remoteok.com/remote-jobs/67736-remote-backend-developer-property-meld
Software Developer,Thresher,https://remoteok.com/remote-jobs/67669-remote-software-developer-elasticsearch-thresher
An Enthusiastic Python Developer,Niteo,https://remoteok.com/remote-jobs/67565-remote-an-enthusiastic-python-developer-niteo
Python Software Engineer,Unipart Digital,https://remoteok.com/remote-jobs/67036-remote-python-software-engineer-all-levels-unipart-digital
Full Stack Developer,Upstack,https://remoteok.com/remote-jobs/66985-remote-full-stack-developer-upstack
Software Engineer Data,Doximity,https://remoteok.com/remote-jobs/66292-remote-software-engineer-data-doximity
Full Stack Developer,Blockstack,https://remoteok.com/remote-jobs/66203-remote-full-stack-developer-blockstack
Full Stack Developer,Property Meld,https://remoteok.com/remote-jobs/65954-remote-full-stack-developer-property-meld
Django Developer,GetTechTalent,https://remoteok.com/remote-jobs/65861-remote-django-developer-gettechtalent
Python Developer,MADE.com,https://remoteok.com/remote-jobs/65850-remote-python-developer-made-com
Senior Software Engineer,Canonical,https://remoteok.com/remote-jobs/65587-remote-senior-software-engineer-canonical
Python Web Developer,Croscon,https://remoteok.com/remote-jobs/65582-remote-python-web-developer-90-125k-croscon
Software Engineer Openstack,Canonical,https://remoteok.com/remote-jobs/65522-remote-software-engineer-openstack-canonical
Backend Python Developer,StudioH67,https://remoteok.com/remote-jobs/64402-remote-backend-python-developer-studioh67
Python Software Engineer,PageFreezer,https://remoteok.com/remote-jobs/63695-remote-python-software-engineer-pagefreezer
Python Web Developer,Smartplan,https://remoteok.com/remote-jobs/63667-remote-python-web-developer-smartplan
Python Developer,X-Team,https://remoteok.com/remote-jobs/62437-remote-python-developer-x-team
Python Developer,MADE.com,https://remoteok.com/remote-jobs/62392-remote-python-developer-made-com
Web Developer,ezhome Inc.,https://remoteok.com/remote-jobs/62229-remote-web-developer-ezhome-inc-
Software Engineer Fulfillment Team,ezhome Inc.,https://remoteok.com/remote-jobs/62227-remote-software-engineer-fulfillment-team-ezhome-inc-
Senior Django Developer,Articheck,https://remoteok.com/remote-jobs/62165-remote-senior-django-developer-articheck
Senior Python Developer,SmileDirectClub,https://remoteok.com/remote-jobs/61808-remote-senior-python-developer-smiledirectclub
Senior Django Developer,Articheck,https://remoteok.com/remote-jobs/59647-remote-senior-django-developer-remote-articheck
Code Challenge Reviewer,Geektastic,https://remoteok.com/remote-jobs/29949-remote-remote-code-challenge-reviewer-geektastic
Senior Software Engineer,Waldo Photos,https://remoteok.com/remote-jobs/19726-remote-senior-software-engineer-nodejs-python-java-waldo-photos
Python Software Engineer Developer,Offer Recruitment,https://remoteok.com/remote-jobs/19474-remote-python-software-engineer-developer-offer-recruitment
Full Stack Developer,Hotjar,https://remoteok.com/remote-jobs/17982-remote-full-stack-developer-hotjar
Junior Web Developer,Media Pop,https://remoteok.com/remote-jobs/16596-remote-junior-web-developer-media-pop
E01 Python Developer,TalentWerx,https://remoteok.com/remote-jobs/109395-remote-e01-python-developer-talentwerx
Go Python Fullstack Developer,Moasis Global,https://remoteok.com/remote-jobs/60865-remote-go-python-fullstack-developer-moasis-global
Full Stack Developer (strong Python and Django),PixBuffer Software Inc.,https://weworkremotely.com/remote-jobs/pixbuffer-software-inc-full-stack-developer-strong-python-and-django
Full Stack Software Engineer (Python / Django / React),Trustworthy,https://weworkremotely.com/remote-jobs/trustworthy-full-stack-software-engineer-python-django-react
Senior Python/ React Engineer,Clevertech,https://weworkremotely.com/remote-jobs/clevertech-senior-python-react-engineer
"Senior Open Source Developer & DevOps (Python, Django, React, AWS/OpenStack)",OpenCraft,https://weworkremotely.com/remote-jobs/opencraft-senior-open-source-developer-devops-python-django-react-aws-openstack
(Senior) Python Full Stack Software Developer,Optimile,https://weworkremotely.com/remote-jobs/optimile-senior-python-full-stack-software-developer
Senior Python Back-End Engineer,Synergy Sports,https://weworkremotely.com/remote-jobs/synergy-sports-senior-python-back-end-engineer
Python Developer - Remote,"Upstack Technologies, Inc.",https://weworkremotely.com/remote-jobs/upstack-technologies-inc-python-developer-remote
Senior Software Developer - Python (EU & South America),Ebury,https://weworkremotely.com/remote-jobs/ebury-senior-software-developer-python-eu-south-america
Senior Backend Engineer - Python,"TheoremOne, LLC",https://weworkremotely.com/remote-jobs/theoremone-llc-senior-backend-engineer-python
Backend Engineer (Python),TestGorilla,https://weworkremotely.com/remote-jobs/testgorilla-backend-engineer-python-3
Senior Backend Engineer (Python),TestGorilla,https://weworkremotely.com/remote-jobs/testgorilla-senior-backend-engineer-python-4
Technical Lead- Python,Engooden Health,https://weworkremotely.com/remote-jobs/engooden-health-technical-lead-python
Python Platform Engineer,Doximity,https://weworkremotely.com/remote-jobs/doximity-python-platform-engineer
Python Developer,X-Team,https://weworkremotely.com/remote-jobs/x-team-python-developer-2
Senior Python Developer for Release Engineering Team REMOTE,Cloudlinux,https://weworkremotely.com/listings/cloudlinux-senior-python-developer-for-release-engineering-team-remote
"Backend engineer - data ingestion (Python, remote)",Gridium,https://weworkremotely.com/listings/gridium-backend-engineer-data-ingestion-python-remote
